{"cameraMode":{"drawMode":0,"name":"Shaded","section":"Shading Mode"},"sceneLighting":false,"audioPlay":false,"sceneViewState":{"showFog":true,"showMaterialUpdate":false,"showSkybox":false,"showFlares":true,"showImageEffects":true,"showParticleSystems":true},"in2DMode":false,"pivot":{"x":1.0773000717163087,"y":0.12578028440475465,"z":-2.8695034980773927},"rotation":{"x":-0.057465679943561557,"y":-0.9236975312232971,"z":0.34642767906188967,"w":-0.1532343178987503},"size":23.334524154663087,"orthographic":false}