{"cameraMode":{"drawMode":0,"name":"Shaded","section":"Shading Mode"},"sceneLighting":false,"audioPlay":false,"sceneViewState":{"showFog":true,"showMaterialUpdate":false,"showSkybox":false,"showFlares":true,"showImageEffects":true,"showParticleSystems":true},"in2DMode":false,"pivot":{"x":0.006581662688404322,"y":0.0696825385093689,"z":-0.14343073964118958},"rotation":{"x":0.2078218162059784,"y":0.0174885131418705,"z":0.0380970723927021,"w":0.9772762656211853},"size":0.7429037690162659,"orthographic":false}