{"cameraMode":{"drawMode":0,"name":"Shaded","section":"Shading Mode"},"sceneLighting":true,"audioPlay":false,"sceneViewState":{"showFog":true,"showMaterialUpdate":false,"showSkybox":true,"showFlares":true,"showImageEffects":true,"showParticleSystems":true},"in2DMode":false,"pivot":{"x":7.450580596923828e-9,"y":0.0,"z":-7.450580596923828e-9},"rotation":{"x":0.2155495434999466,"y":0.2093675434589386,"z":-0.004470651037991047,"w":0.9537818431854248},"size":0.28579798340797427,"orthographic":false}