{"cameraMode":{"drawMode":0,"name":"Shaded","section":"Shading Mode"},"sceneLighting":true,"audioPlay":false,"sceneViewState":{"showFog":true,"showMaterialUpdate":false,"showSkybox":true,"showFlares":true,"showImageEffects":true,"showParticleSystems":true},"in2DMode":false,"pivot":{"x":1.2732226848602296,"y":-0.702268123626709,"z":1.144452691078186},"rotation":{"x":0.1795409917831421,"y":0.3492612838745117,"z":-0.023756425827741624,"w":0.9193600416183472},"size":4.133455276489258,"orthographic":false}